Company,Industry,Country,GenAI Tool Adopted,Year Adopted,# Employees,Roles Created,Training Hours,Productivity Change,Employee Reviews
"Wolf, Rose and Thompson Pvt. Ltd.",Technology,USA,Groq,2024,18774,29,23570,25.6,"Mixed responses—management excited, staff feel uncertain. Monthly town halls discuss the AI rollout."
Perkins-Green Pvt. Ltd.,Technology,USA,Mixtral,2023,13047,7,6037,22.1,"Job roles have shifted a lot, which is both good and scary. My team adapted faster than others."
Moore-Valentine Pvt. Ltd.,Technology,USA,Claude,2022,11236,17,12294,14.6,Collaboration improved; documentation and meetings are more efficient. HR hosted webinars weekly.
Harris-Garza Pvt. Ltd.,Technology,USA,Mixtral,2024,14959,24,21337,10.9,New roles are exciting; transition was smoother than expected. Some departments feel left behind.
Mcgee-Kelly Pvt. Ltd.,Technology,USA,Gemini,2024,19992,27,1147,12.3,I love using AI—it makes my job easier and more fun. Some departments feel left behind.
"Woods, Austin and Mercer Pvt. Ltd.",Technology,USA,LLaMA,2022,11313,10,4247,3.7,"Job roles have shifted a lot, which is both good and scary. Some departments feel left behind."
Schmidt-Tran Pvt. Ltd.,Technology,USA,Groq,2023,1358,11,16616,15,"Mixed responses—management excited, staff feel uncertain. Managers were initially skeptical."
Elliott-Garcia Pvt. Ltd.,Technology,USA,Gemini,2023,7658,30,18675,30.1,"New roles are exciting; transition was smoother than expected. Overall, it's a big shift."
"Gonzalez, King and Johnson Pvt. Ltd.",Technology,USA,Gemini,2023,13852,3,13415,25.9,"Mixed responses—management excited, staff feel uncertain. Some departments feel left behind."
Braun Inc Pvt. Ltd.,Technology,USA,Groq,2024,18749,26,1238,24.9,Our workflows have improved drastically with generative AI. Internal newsletters now highlight AI use cases.
Roy and Sons Pvt. Ltd.,Technology,USA,Gemini,2023,703,3,16102,22.2,I love using AI—it makes my job easier and more fun. Managers were initially skeptical.
Brady-Wilson Pvt. Ltd.,Technology,USA,Groq,2023,6886,26,12826,13.9,Collaboration improved; documentation and meetings are more efficient. Monthly town halls discuss the AI rollout.
Sanchez-Best Pvt. Ltd.,Technology,USA,Groq,2024,10154,15,19948,14.6,"Collaboration improved; documentation and meetings are more efficient. Overall, it's a big shift."
Tate-Powell Pvt. Ltd.,Technology,USA,Claude,2023,2652,24,2817,15.2,New roles are exciting; transition was smoother than expected. My team adapted faster than others.
Bonilla-Mcclure Pvt. Ltd.,Technology,USA,Mixtral,2023,12763,9,13377,5.9,Collaboration improved; documentation and meetings are more efficient. It changed how we communicate internally.
Sutton-Allen Pvt. Ltd.,Technology,USA,Groq,2022,4906,17,13864,2.8,"AI helped me reduce repetitive tasks, but learning curve was steep. Monthly town halls discuss the AI rollout."
Juarez-Oconnor Pvt. Ltd.,Technology,USA,ChatGPT,2023,13633,1,8412,33.5,"Job roles have shifted a lot, which is both good and scary. It changed how we communicate internally."
"Padilla, Ramos and Foster Pvt. Ltd.",Technology,USA,Mixtral,2022,18245,12,24210,9.3,"AI helped me reduce repetitive tasks, but learning curve was steep. HR hosted webinars weekly."
Delgado-Guzman Pvt. Ltd.,Technology,USA,Claude,2023,1425,15,8465,3.8,"Productivity increased, but there's anxiety about job security. It changed how we communicate internally."
Hall-Carroll Pvt. Ltd.,Technology,USA,LLaMA,2022,18110,23,17545,6.2,New roles are exciting; transition was smoother than expected. Monthly town halls discuss the AI rollout.
Campos-Miller Pvt. Ltd.,Technology,USA,Groq,2024,12638,16,18791,20.9,"Mixed responses—management excited, staff feel uncertain. Internal newsletters now highlight AI use cases."
"Jones, Hill and Bauer Pvt. Ltd.",Technology,USA,Groq,2022,7319,26,14877,8.3,Collaboration improved; documentation and meetings are more efficient. Some departments feel left behind.
Lutz-Douglas Pvt. Ltd.,Technology,USA,Mixtral,2024,3722,13,8328,14.1,"Job roles have shifted a lot, which is both good and scary. Internal newsletters now highlight AI use cases."
Lee Group Pvt. Ltd.,Technology,USA,Mixtral,2022,9358,27,22079,26.5,"We now finish tasks faster, but some older employees are struggling. Monthly town halls discuss the AI rollout."
"Rodriguez, Brown and Newman Pvt. Ltd.",Technology,USA,ChatGPT,2022,4679,9,5206,27.2,New roles are exciting; transition was smoother than expected. Job rotations have increased.
Heath and Sons Pvt. Ltd.,Technology,USA,LLaMA,2023,208,3,22785,30.3,I love using AI—it makes my job easier and more fun. Job rotations have increased.
Wells-Berry Pvt. Ltd.,Technology,USA,LLaMA,2022,973,25,7144,30.7,"Productivity increased, but there's anxiety about job security. Clients now expect faster results due to AI use."
Hansen PLC Pvt. Ltd.,Technology,USA,Mixtral,2023,7199,11,16947,27.9,There's concern that AI will replace some of us soon. My team adapted faster than others.
"Barnes, Lynn and Weiss Pvt. Ltd.",Technology,USA,Groq,2023,17547,17,6707,5,"Job roles have shifted a lot, which is both good and scary. It changed how we communicate internally."
"Stewart, Cruz and Cross Pvt. Ltd.",Technology,USA,Claude,2024,18976,2,19574,2.4,Collaboration improved; documentation and meetings are more efficient. Managers were initially skeptical.
Stark-Benson Pvt. Ltd.,Technology,USA,ChatGPT,2022,2677,6,17186,24.7,"Job roles have shifted a lot, which is both good and scary. HR hosted webinars weekly."
Mclaughlin-Bryant Pvt. Ltd.,Technology,USA,Mixtral,2024,4448,27,19969,17.3,"Job roles have shifted a lot, which is both good and scary. It changed how we communicate internally."
Yang PLC Pvt. Ltd.,Technology,USA,Groq,2024,5203,8,13028,5.7,"Mixed responses—management excited, staff feel uncertain. Managers were initially skeptical."
Anderson-Franco Pvt. Ltd.,Technology,USA,Groq,2023,19090,19,24078,2.7,I love using AI—it makes my job easier and more fun. Some departments feel left behind.
"Armstrong, Mills and Richards Pvt. Ltd.",Technology,USA,Mixtral,2024,9563,21,21999,19.6,"Productivity increased, but there's anxiety about job security. HR hosted webinars weekly."
"Sexton, Dunn and Barnes Pvt. Ltd.",Technology,USA,Gemini,2022,17476,14,7708,22.2,I love using AI—it makes my job easier and more fun. Clients now expect faster results due to AI use.
Gonzalez-Luna Pvt. Ltd.,Technology,USA,Claude,2022,152,11,22055,23.3,Collaboration improved; documentation and meetings are more efficient. Monthly town halls discuss the AI rollout.
"Price, Hardy and Skinner Pvt. Ltd.",Technology,USA,ChatGPT,2024,14517,12,5549,30.6,"Productivity increased, but there's anxiety about job security. Managers were initially skeptical."
Love Inc Pvt. Ltd.,Technology,USA,Claude,2023,11989,24,19296,14,New roles are exciting; transition was smoother than expected. It changed how we communicate internally.
"Smith, West and Moss Pvt. Ltd.",Technology,USA,Mixtral,2024,9419,10,17847,10.8,New roles are exciting; transition was smoother than expected. Managers were initially skeptical.
Valentine-Ayala Pvt. Ltd.,Technology,USA,Gemini,2024,3059,7,22785,34.3,"Job roles have shifted a lot, which is both good and scary. Clients now expect faster results due to AI use."
Steele-Houston Pvt. Ltd.,Technology,USA,Mixtral,2024,11451,20,22502,3.4,New roles are exciting; transition was smoother than expected. HR hosted webinars weekly.
"Howard, Ramirez and Thompson Pvt. Ltd.",Technology,USA,ChatGPT,2022,7761,1,2392,19.3,Collaboration improved; documentation and meetings are more efficient. Managers were initially skeptical.
Miller-Walker Pvt. Ltd.,Technology,USA,Claude,2022,4042,13,15245,25.7,Collaboration improved; documentation and meetings are more efficient. Internal newsletters now highlight AI use cases.
"Bryant, Lopez and Price Pvt. Ltd.",Technology,USA,ChatGPT,2023,6926,9,16627,31,"Productivity increased, but there's anxiety about job security. Clients now expect faster results due to AI use."
Mullen-Kirk Pvt. Ltd.,Technology,USA,Claude,2024,5897,20,13350,4,Our workflows have improved drastically with generative AI. My team adapted faster than others.
Vance-Hughes Pvt. Ltd.,Technology,USA,LLaMA,2024,16805,4,13325,17,"New roles are exciting; transition was smoother than expected. Overall, it's a big shift."
Goodwin Group Pvt. Ltd.,Technology,USA,LLaMA,2024,15295,6,16937,17.9,There's concern that AI will replace some of us soon. Internal newsletters now highlight AI use cases.
Velasquez-Burns Pvt. Ltd.,Technology,USA,ChatGPT,2023,9554,6,15009,27.2,"AI helped me reduce repetitive tasks, but learning curve was steep. HR hosted webinars weekly."
Bender-Rivera Pvt. Ltd.,Technology,USA,Groq,2023,15001,20,5292,21.8,"Mixed responses—management excited, staff feel uncertain. Internal newsletters now highlight AI use cases."
"Davis, Williams and Mata Pvt. Ltd.",Technology,USA,Gemini,2024,10097,29,13082,12.9,Our workflows have improved drastically with generative AI. HR hosted webinars weekly.
Wu PLC Pvt. Ltd.,Technology,USA,Claude,2024,11467,3,14682,4.2,Our workflows have improved drastically with generative AI. My team adapted faster than others.
Nunez-Decker Pvt. Ltd.,Technology,USA,Claude,2024,11543,30,12732,8.5,"AI helped me reduce repetitive tasks, but learning curve was steep. HR hosted webinars weekly."
"Mills, Kirk and Mata Pvt. Ltd.",Technology,USA,Gemini,2023,3815,26,6217,20.8,I love using AI—it makes my job easier and more fun. It changed how we communicate internally.
"Robinson, White and Thomas Pvt. Ltd.",Technology,USA,LLaMA,2024,3789,28,24905,34.9,New roles are exciting; transition was smoother than expected. Clients now expect faster results due to AI use.
Preston-Leon Pvt. Ltd.,Technology,USA,ChatGPT,2024,2295,28,24808,3.1,"Job roles have shifted a lot, which is both good and scary. Monthly town halls discuss the AI rollout."
Porter Inc Pvt. Ltd.,Technology,USA,Groq,2023,16756,30,12893,3.5,"Collaboration improved; documentation and meetings are more efficient. Overall, it's a big shift."
"Watson, Franco and Bradley Pvt. Ltd.",Technology,USA,LLaMA,2024,14508,25,21785,29.2,"AI helped me reduce repetitive tasks, but learning curve was steep. Managers were initially skeptical."
Wolf-Perez Pvt. Ltd.,Technology,USA,Claude,2023,16105,3,10312,29.2,"Mixed responses—management excited, staff feel uncertain. Monthly town halls discuss the AI rollout."
"Obrien, Johnson and Reyes Pvt. Ltd.",Technology,USA,LLaMA,2022,15776,5,5774,10,Collaboration improved; documentation and meetings are more efficient. HR hosted webinars weekly.
Cox-Shaffer Pvt. Ltd.,Technology,USA,Claude,2022,14136,25,6506,19.5,"I love using AI—it makes my job easier and more fun. Overall, it's a big shift."
"Cox, Hall and Weber Pvt. Ltd.",Technology,USA,Groq,2022,19481,2,9591,32.4,I love using AI—it makes my job easier and more fun. Some departments feel left behind.
"Hoffman, Conrad and Dawson Pvt. Ltd.",Technology,USA,LLaMA,2022,16387,18,21217,11.7,Collaboration improved; documentation and meetings are more efficient. Clients now expect faster results due to AI use.
Martin-Diaz Pvt. Ltd.,Technology,USA,Claude,2024,4320,13,14605,9.1,"AI helped me reduce repetitive tasks, but learning curve was steep. Managers were initially skeptical."
Garcia-Miller Pvt. Ltd.,Technology,USA,Gemini,2023,15515,20,7246,5.8,Collaboration improved; documentation and meetings are more efficient. It changed how we communicate internally.
Kent LLC Pvt. Ltd.,Technology,USA,Gemini,2022,11961,20,21220,2.1,Collaboration improved; documentation and meetings are more efficient. HR hosted webinars weekly.
Rodriguez-Espinoza Pvt. Ltd.,Technology,USA,Gemini,2022,18898,5,10779,27.6,There's concern that AI will replace some of us soon. Internal newsletters now highlight AI use cases.
Moon-Cruz Pvt. Ltd.,Technology,USA,Mixtral,2023,6731,27,13156,29.3,Collaboration improved; documentation and meetings are more efficient. Job rotations have increased.
Thomas-Thompson Pvt. Ltd.,Technology,USA,Mixtral,2022,10695,27,13125,32.5,There's concern that AI will replace some of us soon. Internal newsletters now highlight AI use cases.
Diaz-Elliott Pvt. Ltd.,Technology,USA,Claude,2023,4821,7,7828,26.8,Collaboration improved; documentation and meetings are more efficient. HR hosted webinars weekly.
Murphy-Williams Pvt. Ltd.,Technology,USA,Groq,2023,7603,19,10217,16.8,Collaboration improved; documentation and meetings are more efficient. Managers were initially skeptical.
"Branch, Phillips and Ross Pvt. Ltd.",Technology,USA,Mixtral,2024,15917,14,8283,9.4,New roles are exciting; transition was smoother than expected. Monthly town halls discuss the AI rollout.
Carney Ltd Pvt. Ltd.,Technology,USA,Mixtral,2023,19210,21,14031,3.4,There's concern that AI will replace some of us soon. It changed how we communicate internally.
Walters-Coleman Pvt. Ltd.,Technology,USA,LLaMA,2022,16120,22,7801,14.7,"We now finish tasks faster, but some older employees are struggling. Internal newsletters now highlight AI use cases."
Liu and Sons Pvt. Ltd.,Technology,USA,Gemini,2022,11786,23,18056,5.6,Collaboration improved; documentation and meetings are more efficient. Clients now expect faster results due to AI use.
"Mclaughlin, Sweeney and Moore Pvt. Ltd.",Technology,USA,Gemini,2023,8844,29,9548,23.3,New roles are exciting; transition was smoother than expected. It changed how we communicate internally.
Lowe Inc Pvt. Ltd.,Technology,USA,Groq,2024,19577,26,12313,30.6,"We now finish tasks faster, but some older employees are struggling. Some departments feel left behind."
"Hood, Lopez and Navarro Pvt. Ltd.",Technology,USA,Claude,2023,4417,8,10115,15.2,"New roles are exciting; transition was smoother than expected. Overall, it's a big shift."
"Burke, Davidson and Monroe Pvt. Ltd.",Technology,USA,Mixtral,2022,16666,29,19674,31.1,Collaboration improved; documentation and meetings are more efficient. Monthly town halls discuss the AI rollout.
"Mccarthy, Garcia and Martin Pvt. Ltd.",Technology,USA,Groq,2022,12823,16,15395,20.9,"Productivity increased, but there's anxiety about job security. Clients now expect faster results due to AI use."
Mccoy-Cole Pvt. Ltd.,Technology,USA,Groq,2023,14597,13,19711,11.6,I love using AI—it makes my job easier and more fun. Clients now expect faster results due to AI use.
Serrano Group Pvt. Ltd.,Technology,USA,Claude,2024,9804,29,2186,34.5,"Productivity increased, but there's anxiety about job security. Clients now expect faster results due to AI use."
Soto-Green Pvt. Ltd.,Technology,USA,ChatGPT,2024,16950,13,12491,22.3,I love using AI—it makes my job easier and more fun. HR hosted webinars weekly.
Floyd-Hancock Pvt. Ltd.,Technology,USA,Gemini,2023,12324,23,8762,20.3,"Our workflows have improved drastically with generative AI. Overall, it's a big shift."
"Owens, Day and Powers Pvt. Ltd.",Technology,USA,Mixtral,2023,6299,21,23057,31.6,"AI helped me reduce repetitive tasks, but learning curve was steep. My team adapted faster than others."
"Fuentes, Gibbs and Cardenas Pvt. Ltd.",Technology,USA,LLaMA,2024,6377,9,1521,34,"Job roles have shifted a lot, which is both good and scary. My team adapted faster than others."
George-Conner Pvt. Ltd.,Technology,USA,Groq,2023,9229,29,10230,12.9,I love using AI—it makes my job easier and more fun. Job rotations have increased.
Davenport-Diaz Pvt. Ltd.,Technology,USA,LLaMA,2023,1969,20,18873,11.3,There's concern that AI will replace some of us soon. Monthly town halls discuss the AI rollout.
Gill Group Pvt. Ltd.,Technology,USA,ChatGPT,2023,1417,19,3787,7.6,"AI helped me reduce repetitive tasks, but learning curve was steep. Managers were initially skeptical."
Fernandez-Gomez Pvt. Ltd.,Technology,USA,Mixtral,2022,12405,15,12892,7.6,Collaboration improved; documentation and meetings are more efficient. HR hosted webinars weekly.
Charles-Clark Pvt. Ltd.,Technology,USA,LLaMA,2024,6340,11,18095,21.8,"AI helped me reduce repetitive tasks, but learning curve was steep. HR hosted webinars weekly."
Jackson-Duncan Pvt. Ltd.,Technology,USA,Mixtral,2022,3097,2,14031,31.4,I love using AI—it makes my job easier and more fun. Job rotations have increased.
Smith-Serrano Pvt. Ltd.,Technology,USA,ChatGPT,2022,16493,6,5001,33.5,"New roles are exciting; transition was smoother than expected. Overall, it's a big shift."
"Carpenter, James and Green Pvt. Ltd.",Technology,USA,LLaMA,2023,13584,4,15568,5.6,"AI helped me reduce repetitive tasks, but learning curve was steep. It changed how we communicate internally."
"Rose, Osborne and White Pvt. Ltd.",Technology,USA,Mixtral,2024,14011,23,5379,32.3,Our workflows have improved drastically with generative AI. My team adapted faster than others.
Huerta-Reid Pvt. Ltd.,Technology,USA,Mixtral,2024,11638,3,5171,33,There's concern that AI will replace some of us soon. HR hosted webinars weekly.
Anderson-Murphy Pvt. Ltd.,Technology,USA,Mixtral,2024,12716,2,11572,5.3,Our workflows have improved drastically with generative AI. Monthly town halls discuss the AI rollout.
Gordon-Eaton Pvt. Ltd.,Technology,USA,Claude,2022,15397,27,2456,31.8,"Job roles have shifted a lot, which is both good and scary. Overall, it's a big shift."
Blake-Livingston Pvt. Ltd.,Technology,USA,Groq,2023,19464,15,13686,6.9,"AI helped me reduce repetitive tasks, but learning curve was steep. My team adapted faster than others."
Duran Inc Pvt. Ltd.,Technology,USA,Gemini,2024,460,29,7526,18,"Mixed responses—management excited, staff feel uncertain. Some departments feel left behind."
Stephens-Lam Pvt. Ltd.,Technology,USA,Gemini,2022,4677,21,9542,3.9,"We now finish tasks faster, but some older employees are struggling. HR hosted webinars weekly."
Walker-Snow Pvt. Ltd.,Technology,USA,Groq,2023,16734,19,16196,6.2,"We now finish tasks faster, but some older employees are struggling. It changed how we communicate internally."
Solomon-Cunningham Pvt. Ltd.,Technology,USA,LLaMA,2024,15021,13,22689,31.3,"Mixed responses—management excited, staff feel uncertain. My team adapted faster than others."
Rice-Smith Pvt. Ltd.,Technology,USA,Groq,2024,3613,24,19607,5.2,"Job roles have shifted a lot, which is both good and scary. My team adapted faster than others."
Oneill-Mccullough Pvt. Ltd.,Technology,USA,Gemini,2022,4884,22,10405,3.9,"Job roles have shifted a lot, which is both good and scary. Internal newsletters now highlight AI use cases."
"Fischer, Smith and Ryan Pvt. Ltd.",Technology,USA,LLaMA,2023,6762,4,4843,25.1,"Productivity increased, but there's anxiety about job security. Overall, it's a big shift."
Ramirez-Mcgee Pvt. Ltd.,Technology,USA,Gemini,2023,3892,1,15174,16.6,"Mixed responses—management excited, staff feel uncertain. Managers were initially skeptical."
"Powell, Faulkner and Elliott Pvt. Ltd.",Technology,USA,Mixtral,2022,3954,20,19903,21.8,Our workflows have improved drastically with generative AI. Job rotations have increased.
"Andrade, Lamb and Baxter Pvt. Ltd.",Technology,USA,Groq,2023,4600,17,16381,2.5,"We now finish tasks faster, but some older employees are struggling. HR hosted webinars weekly."
"Jones, Carr and Wright Pvt. Ltd.",Technology,USA,Claude,2024,17658,17,14378,5.6,"We now finish tasks faster, but some older employees are struggling. Internal newsletters now highlight AI use cases."
Sims LLC Pvt. Ltd.,Technology,USA,ChatGPT,2024,5939,13,24483,19.2,"Job roles have shifted a lot, which is both good and scary. Overall, it's a big shift."
Wiley and Sons Pvt. Ltd.,Technology,USA,Mixtral,2022,3636,16,17930,23.5,"Productivity increased, but there's anxiety about job security. It changed how we communicate internally."
Wilkinson-Smith Pvt. Ltd.,Technology,USA,Claude,2022,15327,29,9790,30.2,Collaboration improved; documentation and meetings are more efficient. Job rotations have increased.
"Wagner, Pham and Cortez Pvt. Ltd.",Technology,USA,Mixtral,2022,14592,10,16002,34.4,There's concern that AI will replace some of us soon. Some departments feel left behind.
Johnson-Wood Pvt. Ltd.,Technology,USA,LLaMA,2022,11336,22,2586,31.7,"AI helped me reduce repetitive tasks, but learning curve was steep. Internal newsletters now highlight AI use cases."
"Davis, Hebert and Lloyd Pvt. Ltd.",Technology,USA,Mixtral,2022,219,8,12080,24.5,"AI helped me reduce repetitive tasks, but learning curve was steep. My team adapted faster than others."
"Davis, Spencer and Frost Pvt. Ltd.",Technology,USA,Mixtral,2024,8539,26,23881,19.1,"AI helped me reduce repetitive tasks, but learning curve was steep. Some departments feel left behind."
"Harrison, Bradley and Smith Pvt. Ltd.",Technology,USA,Groq,2024,3374,8,23051,27.3,New roles are exciting; transition was smoother than expected. It changed how we communicate internally.
"Krueger, Jarvis and Garcia Pvt. Ltd.",Technology,USA,Groq,2023,7749,8,15533,25.1,"Job roles have shifted a lot, which is both good and scary. Overall, it's a big shift."
"Alvarez, Davis and Morales Pvt. Ltd.",Technology,USA,ChatGPT,2022,14968,22,1877,5.9,Collaboration improved; documentation and meetings are more efficient. Managers were initially skeptical.
"King, Pruitt and Russell Pvt. Ltd.",Technology,USA,LLaMA,2022,5950,21,19812,20.7,Collaboration improved; documentation and meetings are more efficient. Monthly town halls discuss the AI rollout.
Martin-Carson Pvt. Ltd.,Technology,USA,ChatGPT,2022,2324,30,12452,5.1,"New roles are exciting; transition was smoother than expected. Overall, it's a big shift."
Rice-Perry Pvt. Ltd.,Technology,USA,ChatGPT,2022,953,21,19324,12.7,"Productivity increased, but there's anxiety about job security. Clients now expect faster results due to AI use."
Murphy-Walker Pvt. Ltd.,Technology,USA,ChatGPT,2023,1275,29,14311,14.6,I love using AI—it makes my job easier and more fun. Managers were initially skeptical.
Edwards-Arellano Pvt. Ltd.,Technology,USA,Groq,2023,14084,19,8895,15.2,"Mixed responses—management excited, staff feel uncertain. Internal newsletters now highlight AI use cases."
Lee-Lambert Pvt. Ltd.,Technology,USA,Mixtral,2024,12035,26,6856,12.4,I love using AI—it makes my job easier and more fun. Internal newsletters now highlight AI use cases.
"Anderson, Miles and Johnson Pvt. Ltd.",Technology,USA,LLaMA,2022,17292,12,7259,26.1,New roles are exciting; transition was smoother than expected. HR hosted webinars weekly.
"Juarez, Rogers and Hawkins Pvt. Ltd.",Technology,USA,Groq,2022,18794,8,13059,27.5,"AI helped me reduce repetitive tasks, but learning curve was steep. Internal newsletters now highlight AI use cases."
"Wilson, Patel and Delgado Pvt. Ltd.",Technology,USA,Gemini,2023,12044,4,10294,21.3,There's concern that AI will replace some of us soon. HR hosted webinars weekly.
Monroe-Vaughn Pvt. Ltd.,Technology,USA,Groq,2022,19907,30,22168,14.3,"Mixed responses—management excited, staff feel uncertain. Overall, it's a big shift."
Williams-Myers Pvt. Ltd.,Technology,USA,Mixtral,2022,16488,13,19360,21.2,There's concern that AI will replace some of us soon. HR hosted webinars weekly.
"Stephens, Fitzgerald and Burton Pvt. Ltd.",Technology,USA,Groq,2024,19889,27,14882,10.1,Our workflows have improved drastically with generative AI. It changed how we communicate internally.
Ramirez-Herrera Pvt. Ltd.,Technology,USA,LLaMA,2023,4460,8,9454,8.6,"Job roles have shifted a lot, which is both good and scary. Managers were initially skeptical."
Garrett-Wall Pvt. Ltd.,Technology,USA,Groq,2023,4330,9,20576,30.5,Collaboration improved; documentation and meetings are more efficient. My team adapted faster than others.
Young-Wade Pvt. Ltd.,Technology,USA,ChatGPT,2023,8521,10,3236,20.1,There's concern that AI will replace some of us soon. Monthly town halls discuss the AI rollout.
"Ellis, Brooks and Smith Pvt. Ltd.",Technology,USA,Groq,2022,13631,23,24006,27,New roles are exciting; transition was smoother than expected. My team adapted faster than others.
"Hines, Jacobson and Shah Pvt. Ltd.",Technology,USA,Mixtral,2024,17464,2,509,23.8,"Productivity increased, but there's anxiety about job security. HR hosted webinars weekly."
"Miller, Wang and Martin Pvt. Ltd.",Technology,USA,ChatGPT,2024,9562,18,18657,10.4,Our workflows have improved drastically with generative AI. Clients now expect faster results due to AI use.
Spears Inc Pvt. Ltd.,Technology,USA,LLaMA,2024,19748,26,19698,33,I love using AI—it makes my job easier and more fun. Clients now expect faster results due to AI use.
"Lee, Thomas and Morgan Pvt. Ltd.",Technology,USA,Groq,2022,17457,8,20830,11.7,"Productivity increased, but there's anxiety about job security. Job rotations have increased."
Simon-Davis Pvt. Ltd.,Technology,USA,Groq,2024,16721,3,9887,12.1,Our workflows have improved drastically with generative AI. Monthly town halls discuss the AI rollout.
Martin-Hill Pvt. Ltd.,Technology,USA,Mixtral,2022,16987,1,12933,34.7,"Job roles have shifted a lot, which is both good and scary. Internal newsletters now highlight AI use cases."
Bryant-Smith Pvt. Ltd.,Technology,USA,Groq,2024,14645,26,5339,21.5,"Job roles have shifted a lot, which is both good and scary. It changed how we communicate internally."
"Shepard, Hernandez and Lopez Pvt. Ltd.",Technology,USA,Groq,2024,19684,26,24037,19,"Our workflows have improved drastically with generative AI. Overall, it's a big shift."
Lee-Bray Pvt. Ltd.,Technology,USA,Groq,2022,867,1,3790,32.3,There's concern that AI will replace some of us soon. It changed how we communicate internally.
Gamble-Walls Pvt. Ltd.,Technology,USA,Groq,2022,2697,25,21592,19.8,"Job roles have shifted a lot, which is both good and scary. Some departments feel left behind."
Moore-Mcguire Pvt. Ltd.,Technology,USA,ChatGPT,2024,12128,19,637,24,Collaboration improved; documentation and meetings are more efficient. Some departments feel left behind.
Rush PLC Pvt. Ltd.,Technology,USA,Mixtral,2024,6558,19,21170,26.9,"Mixed responses—management excited, staff feel uncertain. Job rotations have increased."
"French, Jones and Olson Pvt. Ltd.",Technology,USA,Claude,2023,15303,18,18191,34.7,"Mixed responses—management excited, staff feel uncertain. Monthly town halls discuss the AI rollout."
Rodriguez-Oconnell Pvt. Ltd.,Technology,USA,Claude,2022,5179,22,3459,28,"We now finish tasks faster, but some older employees are struggling. Internal newsletters now highlight AI use cases."
"Wright, Vaughn and Jackson Pvt. Ltd.",Technology,USA,Gemini,2022,15971,11,12742,22.1,"Productivity increased, but there's anxiety about job security. My team adapted faster than others."
"Macdonald, Gonzalez and Lynch Pvt. Ltd.",Technology,USA,Claude,2022,9815,28,23045,34.5,Collaboration improved; documentation and meetings are more efficient. Job rotations have increased.
"Peters, Lee and Brown Pvt. Ltd.",Technology,USA,Claude,2024,16079,8,18016,30.5,"Mixed responses—management excited, staff feel uncertain. Managers were initially skeptical."
"Medina, Martinez and Hayes Pvt. Ltd.",Technology,USA,ChatGPT,2024,16590,4,15037,32,Collaboration improved; documentation and meetings are more efficient. Managers were initially skeptical.
"Allen, Gordon and Cochran Pvt. Ltd.",Technology,USA,Mixtral,2023,13753,1,22970,4.2,"Productivity increased, but there's anxiety about job security. Internal newsletters now highlight AI use cases."
"Ayers, Flores and Franklin Pvt. Ltd.",Technology,USA,ChatGPT,2023,2737,3,4841,24.9,"Job roles have shifted a lot, which is both good and scary. Managers were initially skeptical."
"Daugherty, Madden and Scott Pvt. Ltd.",Technology,USA,Gemini,2023,16235,21,15313,25.2,"Job roles have shifted a lot, which is both good and scary. My team adapted faster than others."
Morris-Thomas Pvt. Ltd.,Technology,USA,Groq,2024,3515,22,9356,32.8,Collaboration improved; documentation and meetings are more efficient. Some departments feel left behind.
Wu Ltd Pvt. Ltd.,Technology,USA,Claude,2023,15577,27,8331,15.9,"Job roles have shifted a lot, which is both good and scary. My team adapted faster than others."
Wolf-Burns Pvt. Ltd.,Technology,USA,Groq,2024,11886,27,5058,9.1,"We now finish tasks faster, but some older employees are struggling. Overall, it's a big shift."
"Johnson, Cannon and Nelson Pvt. Ltd.",Technology,USA,Gemini,2023,10029,22,9900,34.9,Our workflows have improved drastically with generative AI. Internal newsletters now highlight AI use cases.
Reeves-Hampton Pvt. Ltd.,Technology,USA,ChatGPT,2023,15203,15,23444,20.7,Our workflows have improved drastically with generative AI. Clients now expect faster results due to AI use.
Hartman and Sons Pvt. Ltd.,Technology,USA,Gemini,2024,3379,10,8263,25.9,Collaboration improved; documentation and meetings are more efficient. Monthly town halls discuss the AI rollout.
"Soto, Stewart and Little Pvt. Ltd.",Technology,USA,Claude,2023,4054,14,10153,4.1,Collaboration improved; documentation and meetings are more efficient. It changed how we communicate internally.
Parks-Rich Pvt. Ltd.,Technology,USA,Gemini,2023,294,20,4149,3.1,"AI helped me reduce repetitive tasks, but learning curve was steep. Job rotations have increased."
Aguilar-Adams Pvt. Ltd.,Technology,USA,Groq,2024,1379,18,17552,10.8,"AI helped me reduce repetitive tasks, but learning curve was steep. Overall, it's a big shift."
"Barajas, Hutchinson and Duran Pvt. Ltd.",Technology,USA,LLaMA,2022,13155,20,19151,21.2,I love using AI—it makes my job easier and more fun. Internal newsletters now highlight AI use cases.
Nolan-Combs Pvt. Ltd.,Technology,USA,Claude,2022,1555,8,2775,14.8,There's concern that AI will replace some of us soon. It changed how we communicate internally.
"Rojas, Turner and Parks Pvt. Ltd.",Technology,USA,Groq,2023,7558,5,15703,13.4,New roles are exciting; transition was smoother than expected. Managers were initially skeptical.
Nunez-Rodriguez Pvt. Ltd.,Technology,USA,Groq,2022,18908,11,18288,25.2,Our workflows have improved drastically with generative AI. My team adapted faster than others.
"Jackson, Sawyer and Ortega Pvt. Ltd.",Technology,USA,LLaMA,2023,4470,1,9194,23.3,Our workflows have improved drastically with generative AI. Job rotations have increased.
Daniels-Goodwin Pvt. Ltd.,Technology,USA,Groq,2024,16005,10,12326,17.2,There's concern that AI will replace some of us soon. My team adapted faster than others.
"Gonzalez, Hicks and Blevins Pvt. Ltd.",Technology,USA,Claude,2022,11249,20,6229,19.2,I love using AI—it makes my job easier and more fun. HR hosted webinars weekly.
"Holden, Ruiz and Downs Pvt. Ltd.",Technology,USA,LLaMA,2023,4168,27,16813,15.8,"Mixed responses—management excited, staff feel uncertain. Some departments feel left behind."
"Baxter, Jackson and Johnson Pvt. Ltd.",Technology,USA,Groq,2022,12454,18,8130,8,I love using AI—it makes my job easier and more fun. Managers were initially skeptical.
"Deleon, Wright and Summers Pvt. Ltd.",Technology,USA,Gemini,2022,16852,6,6699,22.5,Collaboration improved; documentation and meetings are more efficient. Internal newsletters now highlight AI use cases.
"Bradley, Hall and Gonzalez Pvt. Ltd.",Technology,USA,Groq,2024,9414,10,10183,17,I love using AI—it makes my job easier and more fun. My team adapted faster than others.
"Munoz, Wallace and King Pvt. Ltd.",Technology,USA,Groq,2023,6237,27,23048,29.7,I love using AI—it makes my job easier and more fun. My team adapted faster than others.
"Boyer, Jennings and Yang Pvt. Ltd.",Technology,USA,Gemini,2024,7587,21,12465,26.5,I love using AI—it makes my job easier and more fun. Clients now expect faster results due to AI use.
English-Neal Pvt. Ltd.,Technology,USA,Groq,2023,18196,13,4790,23.7,I love using AI—it makes my job easier and more fun. It changed how we communicate internally.
"Miller, Howell and Hoffman Pvt. Ltd.",Technology,USA,Claude,2024,1661,4,11297,30.8,I love using AI—it makes my job easier and more fun. Job rotations have increased.
Goodman-Burns Pvt. Ltd.,Technology,USA,Groq,2023,14708,6,5946,13.4,"AI helped me reduce repetitive tasks, but learning curve was steep. Clients now expect faster results due to AI use."
"Smith, Welch and Phillips Pvt. Ltd.",Technology,USA,Groq,2022,17171,9,14748,32.3,"AI helped me reduce repetitive tasks, but learning curve was steep. Monthly town halls discuss the AI rollout."
Casey-Schultz Pvt. Ltd.,Technology,USA,Groq,2023,8915,3,24978,19.5,"Mixed responses—management excited, staff feel uncertain. HR hosted webinars weekly."
"Sullivan, Hill and Mcconnell Pvt. Ltd.",Technology,USA,ChatGPT,2024,16139,16,13108,16.4,I love using AI—it makes my job easier and more fun. Managers were initially skeptical.
"Reed, Levine and Morales Pvt. Ltd.",Technology,USA,Claude,2023,16847,8,11679,6,"Productivity increased, but there's anxiety about job security. Job rotations have increased."
Brennan Ltd Pvt. Ltd.,Technology,USA,LLaMA,2022,3007,15,5469,32.5,New roles are exciting; transition was smoother than expected. Managers were initially skeptical.
"Clarke, Rodriguez and Roberts Pvt. Ltd.",Technology,USA,Groq,2023,9004,30,19510,18.2,I love using AI—it makes my job easier and more fun. My team adapted faster than others.
Jordan-Owens Pvt. Ltd.,Technology,USA,LLaMA,2024,10261,2,21455,21.3,"We now finish tasks faster, but some older employees are struggling. Internal newsletters now highlight AI use cases."
"Schultz, Evans and Garcia Pvt. Ltd.",Technology,USA,ChatGPT,2022,5781,28,12861,22.9,"Productivity increased, but there's anxiety about job security. HR hosted webinars weekly."
"Turner, Johnson and Stewart Pvt. Ltd.",Technology,USA,Groq,2022,9444,14,22948,4.5,Collaboration improved; documentation and meetings are more efficient. Clients now expect faster results due to AI use.
"Lara, Rodriguez and Allen Pvt. Ltd.",Technology,USA,LLaMA,2022,3617,27,9853,34.7,"Job roles have shifted a lot, which is both good and scary. Internal newsletters now highlight AI use cases."
Vazquez PLC Pvt. Ltd.,Technology,USA,Mixtral,2024,3918,10,4393,32.6,"I love using AI—it makes my job easier and more fun. Overall, it's a big shift."
"Dixon, Benson and Collins Pvt. Ltd.",Technology,USA,Mixtral,2023,276,16,9660,23,There's concern that AI will replace some of us soon. It changed how we communicate internally.
Sanchez-Sanchez Pvt. Ltd.,Technology,USA,Gemini,2024,2859,22,3550,34.1,"Mixed responses—management excited, staff feel uncertain. Internal newsletters now highlight AI use cases."
Rodgers-Mcconnell Pvt. Ltd.,Technology,USA,Groq,2024,16282,25,13623,30.8,Our workflows have improved drastically with generative AI. HR hosted webinars weekly.
"Adams, Neal and Tran Pvt. Ltd.",Technology,USA,ChatGPT,2023,1006,3,12029,32.4,"Mixed responses—management excited, staff feel uncertain. My team adapted faster than others."
"Avery, Jacobs and Rice Pvt. Ltd.",Technology,USA,Mixtral,2023,4203,5,18469,21.9,Our workflows have improved drastically with generative AI. HR hosted webinars weekly.
"Caldwell, Cook and Mason Pvt. Ltd.",Technology,USA,Gemini,2023,10693,5,10778,26.8,"Productivity increased, but there's anxiety about job security. HR hosted webinars weekly."
Pennington Inc Pvt. Ltd.,Technology,USA,Mixtral,2022,13923,12,24016,23.6,"AI helped me reduce repetitive tasks, but learning curve was steep. HR hosted webinars weekly."
"Henderson, Young and Underwood Pvt. Ltd.",Technology,USA,Gemini,2024,445,30,21061,6.7,I love using AI—it makes my job easier and more fun. Clients now expect faster results due to AI use.
"Hodges, Smith and Heath Pvt. Ltd.",Technology,USA,Groq,2022,16915,17,7868,23.1,New roles are exciting; transition was smoother than expected. Some departments feel left behind.
Valdez Inc Pvt. Ltd.,Technology,USA,Gemini,2022,19680,11,17295,7.7,Our workflows have improved drastically with generative AI. HR hosted webinars weekly.
"Hoffman, Thompson and Hall Pvt. Ltd.",Technology,USA,Mixtral,2024,2325,21,13723,25.3,Our workflows have improved drastically with generative AI. Some departments feel left behind.
Hubbard Inc Pvt. Ltd.,Technology,USA,Gemini,2024,17808,19,3700,34.8,Our workflows have improved drastically with generative AI. Clients now expect faster results due to AI use.
Mills-Page Pvt. Ltd.,Technology,USA,ChatGPT,2023,6923,19,6445,7,"AI helped me reduce repetitive tasks, but learning curve was steep. It changed how we communicate internally."
Christian-Harris Pvt. Ltd.,Technology,USA,Gemini,2022,13640,19,3851,18.1,"Job roles have shifted a lot, which is both good and scary. Overall, it's a big shift."
Hebert Group Pvt. Ltd.,Technology,USA,Groq,2024,13637,13,5429,5.9,"Mixed responses—management excited, staff feel uncertain. Internal newsletters now highlight AI use cases."
"Huang, Diaz and Evans Pvt. Ltd.",Technology,USA,Gemini,2024,12412,16,24597,18.5,There's concern that AI will replace some of us soon. HR hosted webinars weekly.
"Johnson, Peterson and Wong Pvt. Ltd.",Technology,USA,LLaMA,2023,4407,2,22005,34,There's concern that AI will replace some of us soon. Managers were initially skeptical.
Wallace-Mckenzie Pvt. Ltd.,Technology,USA,Groq,2024,8089,22,19130,12.9,"Productivity increased, but there's anxiety about job security. Overall, it's a big shift."
"Miranda, Berger and Lynch Pvt. Ltd.",Technology,USA,LLaMA,2022,12445,4,13040,26.5,Collaboration improved; documentation and meetings are more efficient. Some departments feel left behind.
"Smith, Moore and Barajas Pvt. Ltd.",Technology,USA,Gemini,2023,16514,2,21100,17.9,"AI helped me reduce repetitive tasks, but learning curve was steep. HR hosted webinars weekly."
"Bell, Roberts and Mann Pvt. Ltd.",Technology,USA,LLaMA,2023,1471,26,14828,3.3,"AI helped me reduce repetitive tasks, but learning curve was steep. Managers were initially skeptical."
Rodriguez-Pearson Pvt. Ltd.,Technology,USA,Gemini,2022,19419,17,9511,6.2,"AI helped me reduce repetitive tasks, but learning curve was steep. HR hosted webinars weekly."
Barton-Miller Pvt. Ltd.,Technology,USA,Claude,2024,6736,23,20067,28.1,"Job roles have shifted a lot, which is both good and scary. Managers were initially skeptical."
Mitchell-Houston Pvt. Ltd.,Technology,USA,ChatGPT,2022,6150,16,12847,17.6,"AI helped me reduce repetitive tasks, but learning curve was steep. Overall, it's a big shift."
"Spencer, Richardson and White Pvt. Ltd.",Technology,USA,ChatGPT,2024,1021,21,1081,13.1,Collaboration improved; documentation and meetings are more efficient. Internal newsletters now highlight AI use cases.
Ruiz-Jones Pvt. Ltd.,Technology,USA,Gemini,2024,3965,17,22373,6.9,There's concern that AI will replace some of us soon. HR hosted webinars weekly.
"Forbes, Harvey and Peters Pvt. Ltd.",Technology,USA,Claude,2022,16388,9,10762,21.9,New roles are exciting; transition was smoother than expected. Internal newsletters now highlight AI use cases.
"Christensen, Hall and Lawrence Pvt. Ltd.",Technology,USA,ChatGPT,2022,18697,20,17375,28.9,"Productivity increased, but there's anxiety about job security. It changed how we communicate internally."
"Garza, Webster and Nelson Pvt. Ltd.",Technology,USA,Groq,2023,4675,9,12591,25.4,"We now finish tasks faster, but some older employees are struggling. Some departments feel left behind."
Ashley-Bush Pvt. Ltd.,Technology,USA,Mixtral,2023,4572,2,3445,4.9,"We now finish tasks faster, but some older employees are struggling. Managers were initially skeptical."
Crane-Cervantes Pvt. Ltd.,Technology,USA,ChatGPT,2023,1612,1,1243,34.1,"Productivity increased, but there's anxiety about job security. HR hosted webinars weekly."
"Walsh, Lopez and Alvarez Pvt. Ltd.",Technology,USA,Gemini,2023,9365,10,13208,30.5,"AI helped me reduce repetitive tasks, but learning curve was steep. Overall, it's a big shift."
"Nguyen, Moore and Hall Pvt. Ltd.",Technology,USA,ChatGPT,2022,7040,14,24463,9.1,"AI helped me reduce repetitive tasks, but learning curve was steep. It changed how we communicate internally."
"Padilla, Fisher and Herrera Pvt. Ltd.",Technology,USA,Claude,2022,5286,29,3818,19.7,"Job roles have shifted a lot, which is both good and scary. My team adapted faster than others."
"Robinson, Morgan and Foster Pvt. Ltd.",Technology,USA,Claude,2024,16737,2,12052,12,"Job roles have shifted a lot, which is both good and scary. My team adapted faster than others."
"Park, Haynes and Garcia Pvt. Ltd.",Technology,USA,Groq,2024,1850,27,13655,18.1,Collaboration improved; documentation and meetings are more efficient. HR hosted webinars weekly.
"Jackson, Williams and Gardner Pvt. Ltd.",Technology,USA,Gemini,2024,11566,20,1401,15,"We now finish tasks faster, but some older employees are struggling. Monthly town halls discuss the AI rollout."
Castillo-Martin Pvt. Ltd.,Technology,USA,Groq,2023,14276,27,3656,24.2,Collaboration improved; documentation and meetings are more efficient. My team adapted faster than others.
"Palmer, Chapman and Ross Pvt. Ltd.",Technology,USA,Mixtral,2024,12839,22,18179,21.3,"Productivity increased, but there's anxiety about job security. Job rotations have increased."
"Gallagher, Anderson and Alexander Pvt. Ltd.",Technology,USA,ChatGPT,2023,18206,27,3671,34.3,"Productivity increased, but there's anxiety about job security. Clients now expect faster results due to AI use."
"Fisher, Hoffman and Lopez Pvt. Ltd.",Technology,USA,Groq,2022,16265,10,20485,34.2,There's concern that AI will replace some of us soon. Some departments feel left behind.
"Schwartz, Howard and Watson Pvt. Ltd.",Technology,USA,LLaMA,2024,12307,26,7991,28.3,New roles are exciting; transition was smoother than expected. Monthly town halls discuss the AI rollout.
Thompson-Benson Pvt. Ltd.,Technology,USA,Gemini,2024,8212,21,10697,23.2,I love using AI—it makes my job easier and more fun. Clients now expect faster results due to AI use.
Wu-Yang Pvt. Ltd.,Technology,USA,Claude,2024,2809,7,3326,24.2,"We now finish tasks faster, but some older employees are struggling. Clients now expect faster results due to AI use."
Meza-Garrison Pvt. Ltd.,Technology,USA,ChatGPT,2022,12390,9,7273,5.5,Collaboration improved; documentation and meetings are more efficient. Monthly town halls discuss the AI rollout.
"Taylor, Harris and Moody Pvt. Ltd.",Technology,USA,Claude,2022,3459,3,6158,15.9,"We now finish tasks faster, but some older employees are struggling. Internal newsletters now highlight AI use cases."
Goodwin-Johnson Pvt. Ltd.,Technology,USA,Mixtral,2022,145,17,536,15.3,There's concern that AI will replace some of us soon. HR hosted webinars weekly.
Lucas-Ford Pvt. Ltd.,Technology,USA,Claude,2022,13559,24,6528,30.2,Collaboration improved; documentation and meetings are more efficient. Clients now expect faster results due to AI use.
Foster-Bush Pvt. Ltd.,Technology,USA,Claude,2022,17749,26,15199,20.5,There's concern that AI will replace some of us soon. Job rotations have increased.
Riggs-Thomas Pvt. Ltd.,Technology,USA,Gemini,2024,12307,2,10470,34,"We now finish tasks faster, but some older employees are struggling. Clients now expect faster results due to AI use."
"Garcia, Mendez and Maldonado Pvt. Ltd.",Technology,USA,Mixtral,2024,4963,17,19428,15.4,"Mixed responses—management excited, staff feel uncertain. HR hosted webinars weekly."
Adkins-Rodgers Pvt. Ltd.,Technology,USA,Groq,2022,9409,22,19936,23.6,There's concern that AI will replace some of us soon. HR hosted webinars weekly.
"Taylor, Williams and Evans Pvt. Ltd.",Technology,USA,Groq,2022,5611,2,12452,5,Collaboration improved; documentation and meetings are more efficient. Internal newsletters now highlight AI use cases.
"Harvey, Wright and Patterson Pvt. Ltd.",Technology,USA,Groq,2022,8985,15,4849,30.5,Our workflows have improved drastically with generative AI. HR hosted webinars weekly.
Ortiz-Shaffer Pvt. Ltd.,Technology,USA,Gemini,2022,8738,20,17261,24.1,"AI helped me reduce repetitive tasks, but learning curve was steep. Clients now expect faster results due to AI use."
Elliott-Schneider Pvt. Ltd.,Technology,USA,Groq,2023,3038,19,16152,33.8,"We now finish tasks faster, but some older employees are struggling. Some departments feel left behind."
"Williams, Jackson and Tran Pvt. Ltd.",Technology,USA,Mixtral,2024,19154,18,20868,34.3,New roles are exciting; transition was smoother than expected. My team adapted faster than others.
"Martinez, Ramsey and Perkins Pvt. Ltd.",Technology,USA,Groq,2022,18195,24,11073,33.1,"We now finish tasks faster, but some older employees are struggling. Clients now expect faster results due to AI use."
Marshall-Sanders Pvt. Ltd.,Technology,USA,Claude,2023,3433,30,10588,9.6,"Productivity increased, but there's anxiety about job security. Clients now expect faster results due to AI use."
Giles-Jackson Pvt. Ltd.,Technology,USA,ChatGPT,2023,18166,25,2942,26.8,"AI helped me reduce repetitive tasks, but learning curve was steep. Overall, it's a big shift."
"Moreno, Ward and Walker Pvt. Ltd.",Technology,USA,Mixtral,2022,10577,22,19391,26.7,"New roles are exciting; transition was smoother than expected. Overall, it's a big shift."
"Lee, Tucker and Gillespie Pvt. Ltd.",Technology,USA,Groq,2024,11973,27,5315,15.5,Our workflows have improved drastically with generative AI. It changed how we communicate internally.
Turner-Davis Pvt. Ltd.,Technology,USA,Gemini,2023,5003,25,18824,19.3,"There's concern that AI will replace some of us soon. Overall, it's a big shift."
"Thompson, Turner and Woods Pvt. Ltd.",Technology,USA,LLaMA,2022,6881,13,5998,27.3,There's concern that AI will replace some of us soon. My team adapted faster than others.
"Chavez, Williams and Sutton Pvt. Ltd.",Technology,USA,Gemini,2023,19730,8,11163,10.5,There's concern that AI will replace some of us soon. Monthly town halls discuss the AI rollout.
"Jones, Case and Anderson Pvt. Ltd.",Technology,USA,Claude,2022,17734,8,13348,22.5,"AI helped me reduce repetitive tasks, but learning curve was steep. HR hosted webinars weekly."
"Sanford, Pratt and Henderson Pvt. Ltd.",Technology,USA,Groq,2022,10485,28,16372,32,There's concern that AI will replace some of us soon. Managers were initially skeptical.
"Barajas, Johnson and Payne Pvt. Ltd.",Technology,USA,Mixtral,2023,15978,21,18799,25.3,Collaboration improved; documentation and meetings are more efficient. It changed how we communicate internally.
"Fernandez, Baker and Dougherty Pvt. Ltd.",Technology,USA,LLaMA,2024,15438,25,10727,15.8,"Job roles have shifted a lot, which is both good and scary. Clients now expect faster results due to AI use."
Burgess-Riley Pvt. Ltd.,Technology,USA,LLaMA,2023,7075,6,11903,15,"Our workflows have improved drastically with generative AI. Overall, it's a big shift."
"Bullock, Crane and Moore Pvt. Ltd.",Technology,USA,Groq,2024,12830,24,18490,14.3,Collaboration improved; documentation and meetings are more efficient. It changed how we communicate internally.
Ponce-Davis Pvt. Ltd.,Technology,USA,Groq,2023,5434,3,13678,19,Our workflows have improved drastically with generative AI. Managers were initially skeptical.
"Tucker, Jenkins and Murphy Pvt. Ltd.",Technology,USA,Mixtral,2024,931,30,5012,10.8,I love using AI—it makes my job easier and more fun. HR hosted webinars weekly.
Carroll-Chapman Pvt. Ltd.,Technology,USA,Gemini,2022,210,28,23041,27.4,Our workflows have improved drastically with generative AI. Some departments feel left behind.
"Williams, Shannon and Powell Pvt. Ltd.",Technology,USA,Gemini,2023,17433,21,10196,14,"Productivity increased, but there's anxiety about job security. Job rotations have increased."
"Higgins, Chung and Todd Pvt. Ltd.",Technology,USA,Gemini,2023,10471,26,16051,5.1,"Mixed responses—management excited, staff feel uncertain. Some departments feel left behind."
"Crosby, Wright and White Pvt. Ltd.",Technology,USA,Mixtral,2024,15122,16,20164,9.9,Collaboration improved; documentation and meetings are more efficient. Clients now expect faster results due to AI use.
"Herman, Jackson and Thomas Pvt. Ltd.",Technology,USA,ChatGPT,2023,8675,27,17581,22.1,"Productivity increased, but there's anxiety about job security. Managers were initially skeptical."
Carey-Williams Pvt. Ltd.,Technology,USA,LLaMA,2024,1788,15,6013,23,New roles are exciting; transition was smoother than expected. Some departments feel left behind.
"Sanchez, Velez and Cunningham Pvt. Ltd.",Technology,USA,LLaMA,2024,6782,17,19301,27.8,Our workflows have improved drastically with generative AI. Some departments feel left behind.
Henson-Davenport Pvt. Ltd.,Technology,USA,LLaMA,2022,7075,17,20367,14,"There's concern that AI will replace some of us soon. Overall, it's a big shift."
King-Hughes Pvt. Ltd.,Technology,USA,Mixtral,2023,8443,11,24871,9.5,There's concern that AI will replace some of us soon. Monthly town halls discuss the AI rollout.
Wade-Miller Pvt. Ltd.,Technology,USA,Gemini,2024,14085,12,18053,11.8,"AI helped me reduce repetitive tasks, but learning curve was steep. Internal newsletters now highlight AI use cases."
Murphy-Johnson Pvt. Ltd.,Technology,USA,LLaMA,2023,5324,26,20312,8.1,There's concern that AI will replace some of us soon. Some departments feel left behind.
"Wong, Gonzalez and Espinoza Pvt. Ltd.",Technology,USA,Gemini,2023,13796,14,20911,23.2,"We now finish tasks faster, but some older employees are struggling. Clients now expect faster results due to AI use."
James-Dillon Pvt. Ltd.,Technology,USA,LLaMA,2023,8798,17,13345,16.7,There's concern that AI will replace some of us soon. Monthly town halls discuss the AI rollout.
Castro-Flores Pvt. Ltd.,Technology,USA,Gemini,2024,3662,1,15379,20.1,Our workflows have improved drastically with generative AI. Managers were initially skeptical.
"Rose, Henson and Cross Pvt. Ltd.",Technology,USA,ChatGPT,2022,11673,17,22749,23.5,Our workflows have improved drastically with generative AI. Internal newsletters now highlight AI use cases.
"Torres, Williamson and Roberts Pvt. Ltd.",Technology,USA,Groq,2024,13538,11,23956,30.8,There's concern that AI will replace some of us soon. My team adapted faster than others.
"Hale, Murray and Fitzgerald Pvt. Ltd.",Technology,USA,Claude,2024,16616,29,20685,15.7,"Job roles have shifted a lot, which is both good and scary. HR hosted webinars weekly."
"Gilbert, Ross and Wilson Pvt. Ltd.",Technology,USA,Claude,2023,5861,29,23026,26,There's concern that AI will replace some of us soon. Managers were initially skeptical.
Edwards-Estrada Pvt. Ltd.,Technology,USA,LLaMA,2022,2009,25,18392,34.5,Our workflows have improved drastically with generative AI. Some departments feel left behind.
"Obrien, Wallace and Butler Pvt. Ltd.",Technology,USA,Gemini,2022,201,23,1947,31.9,"We now finish tasks faster, but some older employees are struggling. HR hosted webinars weekly."
Moon-Carroll Pvt. Ltd.,Technology,USA,Gemini,2024,11870,22,23291,15.8,"We now finish tasks faster, but some older employees are struggling. Overall, it's a big shift."
Dillon-Jones Pvt. Ltd.,Technology,USA,Mixtral,2024,6455,19,14185,11.2,I love using AI—it makes my job easier and more fun. Clients now expect faster results due to AI use.
"Thompson, Smith and Page Pvt. Ltd.",Technology,USA,ChatGPT,2022,16653,2,23633,34.4,Our workflows have improved drastically with generative AI. Managers were initially skeptical.
"Neal, Montgomery and Rodriguez Pvt. Ltd.",Technology,USA,ChatGPT,2023,14445,1,24936,12.5,I love using AI—it makes my job easier and more fun. My team adapted faster than others.
"Thompson, Leonard and Browning Pvt. Ltd.",Technology,USA,Gemini,2023,10914,14,8235,9.8,Our workflows have improved drastically with generative AI. Monthly town halls discuss the AI rollout.
"Cole, Rubio and Miller Pvt. Ltd.",Technology,USA,Mixtral,2022,427,11,5852,22.9,Collaboration improved; documentation and meetings are more efficient. It changed how we communicate internally.
"Richards, Matthews and Rivera Pvt. Ltd.",Technology,USA,Gemini,2022,12556,30,19469,14.1,There's concern that AI will replace some of us soon. Monthly town halls discuss the AI rollout.
Hill-Thompson Pvt. Ltd.,Technology,USA,Mixtral,2024,9373,6,4202,21.5,"Mixed responses—management excited, staff feel uncertain. Clients now expect faster results due to AI use."
West-Crane Pvt. Ltd.,Technology,USA,LLaMA,2022,10269,2,7992,21.2,"I love using AI—it makes my job easier and more fun. Overall, it's a big shift."
Cohen-Robinson Pvt. Ltd.,Technology,USA,LLaMA,2023,13095,16,7074,33,"Mixed responses—management excited, staff feel uncertain. Job rotations have increased."
Thornton-Bell Pvt. Ltd.,Technology,USA,Mixtral,2023,19641,5,16446,8.5,"Job roles have shifted a lot, which is both good and scary. Clients now expect faster results due to AI use."
"Ortega, Black and Baker Pvt. Ltd.",Technology,USA,Groq,2023,183,5,1824,22.2,There's concern that AI will replace some of us soon. Some departments feel left behind.
"Neal, Gomez and Vargas Pvt. Ltd.",Technology,USA,Mixtral,2024,14938,17,24819,8,"Mixed responses—management excited, staff feel uncertain. My team adapted faster than others."
Robertson-Hughes Pvt. Ltd.,Technology,USA,ChatGPT,2024,19658,21,15203,28,"Productivity increased, but there's anxiety about job security. Overall, it's a big shift."
"Johnson, Mendez and Khan Pvt. Ltd.",Technology,USA,LLaMA,2023,6787,21,820,11.2,Collaboration improved; documentation and meetings are more efficient. HR hosted webinars weekly.
"Peters, Meyers and Wright Pvt. Ltd.",Technology,USA,Groq,2024,11485,17,1098,5.6,"Job roles have shifted a lot, which is both good and scary. Some departments feel left behind."
"Mills, Ortiz and James Pvt. Ltd.",Technology,USA,Mixtral,2022,8792,22,7837,30.7,Collaboration improved; documentation and meetings are more efficient. Internal newsletters now highlight AI use cases.
"Gill, Mitchell and Turner Pvt. Ltd.",Technology,USA,ChatGPT,2023,9457,22,18167,2.4,There's concern that AI will replace some of us soon. HR hosted webinars weekly.
"Walter, Barnes and Wyatt Pvt. Ltd.",Technology,USA,Gemini,2022,7354,22,11305,7.9,"Mixed responses—management excited, staff feel uncertain. It changed how we communicate internally."
Fields-Perez Pvt. Ltd.,Technology,USA,Claude,2022,9499,21,2554,31.4,"Job roles have shifted a lot, which is both good and scary. It changed how we communicate internally."
Campbell-Holt Pvt. Ltd.,Technology,USA,Gemini,2023,10556,29,22733,31.1,"Job roles have shifted a lot, which is both good and scary. It changed how we communicate internally."
"Caldwell, Turner and Romero Pvt. Ltd.",Technology,USA,LLaMA,2022,9312,29,2404,31.8,"AI helped me reduce repetitive tasks, but learning curve was steep. My team adapted faster than others."
"Wilson, Wagner and Christian Pvt. Ltd.",Technology,USA,Claude,2023,5156,4,12370,12.5,"We now finish tasks faster, but some older employees are struggling. My team adapted faster than others."
"Dickerson, Brown and Grant Pvt. Ltd.",Technology,USA,Mixtral,2022,2149,5,24247,12.9,I love using AI—it makes my job easier and more fun. Clients now expect faster results due to AI use.
Clark-Robbins Pvt. Ltd.,Technology,USA,Gemini,2023,7328,8,557,18.2,New roles are exciting; transition was smoother than expected. Job rotations have increased.
Francis-Guzman Pvt. Ltd.,Technology,USA,Gemini,2023,9318,6,3515,3.5,Collaboration improved; documentation and meetings are more efficient. My team adapted faster than others.
"Vargas, Schwartz and Murphy Pvt. Ltd.",Technology,USA,LLaMA,2024,10127,30,1238,33.4,There's concern that AI will replace some of us soon. My team adapted faster than others.
"Hamilton, Greene and Lane Pvt. Ltd.",Technology,USA,Claude,2024,1141,7,16386,4.1,"Productivity increased, but there's anxiety about job security. Job rotations have increased."
"Davila, Hansen and Moore Pvt. Ltd.",Technology,USA,Groq,2023,3995,27,19907,3.5,"Job roles have shifted a lot, which is both good and scary. Internal newsletters now highlight AI use cases."
"Brown, Jackson and Bailey Pvt. Ltd.",Technology,USA,Claude,2024,10494,5,8253,12.9,I love using AI—it makes my job easier and more fun. Managers were initially skeptical.
Greene-Welch Pvt. Ltd.,Technology,USA,Gemini,2023,19866,18,14905,15.3,"Mixed responses—management excited, staff feel uncertain. My team adapted faster than others."
Ellis-Bowman Pvt. Ltd.,Technology,USA,LLaMA,2023,2031,24,19223,33.7,I love using AI—it makes my job easier and more fun. Internal newsletters now highlight AI use cases.
"Peterson, Barrett and Huff Pvt. Ltd.",Technology,USA,LLaMA,2024,738,8,21090,6.1,There's concern that AI will replace some of us soon. Managers were initially skeptical.
"Hardin, Moore and Davis Pvt. Ltd.",Technology,USA,Groq,2023,17200,15,20739,6.4,I love using AI—it makes my job easier and more fun. My team adapted faster than others.
Thomas-Williamson Pvt. Ltd.,Technology,USA,LLaMA,2023,10919,27,13787,16.1,"We now finish tasks faster, but some older employees are struggling. Internal newsletters now highlight AI use cases."
Hodge-Hill Pvt. Ltd.,Technology,USA,Claude,2024,3212,11,11198,11.7,I love using AI—it makes my job easier and more fun. Internal newsletters now highlight AI use cases.
"Juarez, Thompson and Smith Pvt. Ltd.",Technology,USA,Groq,2022,11062,12,23379,10,"Mixed responses—management excited, staff feel uncertain. Internal newsletters now highlight AI use cases."
Martin-White Pvt. Ltd.,Technology,USA,ChatGPT,2024,6484,26,13525,27.6,I love using AI—it makes my job easier and more fun. Managers were initially skeptical.
"Wagner, Hudson and Bauer Pvt. Ltd.",Technology,USA,Gemini,2023,17979,12,3033,17.8,New roles are exciting; transition was smoother than expected. It changed how we communicate internally.
Hernandez-Potter Pvt. Ltd.,Technology,USA,Gemini,2022,13933,8,17885,30.8,Collaboration improved; documentation and meetings are more efficient. Internal newsletters now highlight AI use cases.
"Glass, Ryan and Wilkinson Pvt. Ltd.",Technology,USA,Mixtral,2023,19952,19,6700,15.6,"Our workflows have improved drastically with generative AI. Overall, it's a big shift."
Stevenson-Steele Pvt. Ltd.,Technology,USA,Claude,2022,6135,5,12626,21.7,New roles are exciting; transition was smoother than expected. Monthly town halls discuss the AI rollout.
"Sanchez, Cooper and Elliott Pvt. Ltd.",Technology,USA,Groq,2022,1959,1,5376,33.9,New roles are exciting; transition was smoother than expected. HR hosted webinars weekly.
"Jackson, White and Tanner Pvt. Ltd.",Technology,USA,ChatGPT,2023,7255,5,9172,2.8,"AI helped me reduce repetitive tasks, but learning curve was steep. Some departments feel left behind."
Wood-Mendez Pvt. Ltd.,Technology,USA,Gemini,2024,4205,6,6416,23.9,Our workflows have improved drastically with generative AI. Job rotations have increased.
"George, Wood and Obrien Pvt. Ltd.",Technology,USA,Mixtral,2022,19438,3,2140,31.6,"Job roles have shifted a lot, which is both good and scary. It changed how we communicate internally."
Park-Pearson Pvt. Ltd.,Technology,USA,ChatGPT,2024,10781,24,6728,20.1,"Productivity increased, but there's anxiety about job security. Job rotations have increased."
Green-Baker Pvt. Ltd.,Technology,USA,Groq,2022,18878,8,1483,15.2,"Productivity increased, but there's anxiety about job security. Monthly town halls discuss the AI rollout."
Holden Ltd Pvt. Ltd.,Technology,USA,Mixtral,2023,10552,17,23090,6,"We now finish tasks faster, but some older employees are struggling. Monthly town halls discuss the AI rollout."
Moore-Mays Pvt. Ltd.,Technology,USA,Groq,2024,4600,19,24134,15.2,Our workflows have improved drastically with generative AI. Job rotations have increased.
"Wilson, Smith and Ali Pvt. Ltd.",Technology,USA,LLaMA,2024,1708,5,20480,8,"Productivity increased, but there's anxiety about job security. Some departments feel left behind."
Jenkins-Green Pvt. Ltd.,Technology,USA,LLaMA,2023,1975,29,8305,31.6,"AI helped me reduce repetitive tasks, but learning curve was steep. Monthly town halls discuss the AI rollout."
Carlson-Price Pvt. Ltd.,Technology,USA,Gemini,2023,19985,30,24157,6.2,"AI helped me reduce repetitive tasks, but learning curve was steep. My team adapted faster than others."
Deleon-White Pvt. Ltd.,Technology,USA,Claude,2022,10102,26,18966,10.2,New roles are exciting; transition was smoother than expected. Monthly town halls discuss the AI rollout.
Bolton-Perez Pvt. Ltd.,Technology,USA,ChatGPT,2023,15935,6,10969,27.4,Our workflows have improved drastically with generative AI. HR hosted webinars weekly.
Miller-Shepherd Pvt. Ltd.,Technology,USA,ChatGPT,2023,13105,13,3287,15.4,"AI helped me reduce repetitive tasks, but learning curve was steep. Some departments feel left behind."
"Johnson, Ruiz and Stout Pvt. Ltd.",Technology,USA,Mixtral,2024,200,21,9359,23.2,Collaboration improved; documentation and meetings are more efficient. Managers were initially skeptical.
Flores-Anderson Pvt. Ltd.,Technology,USA,Groq,2024,7752,1,16478,25.9,"AI helped me reduce repetitive tasks, but learning curve was steep. Clients now expect faster results due to AI use."
White-Cruz Pvt. Ltd.,Technology,USA,Groq,2024,13710,29,22533,6.9,"Productivity increased, but there's anxiety about job security. It changed how we communicate internally."
"Hughes, Clay and Ward Pvt. Ltd.",Technology,USA,Groq,2024,14310,14,3442,16.2,There's concern that AI will replace some of us soon. Clients now expect faster results due to AI use.
Mcintyre-Mathis Pvt. Ltd.,Technology,USA,Gemini,2022,8540,30,17794,11.3,"Productivity increased, but there's anxiety about job security. Monthly town halls discuss the AI rollout."
"Bruce, Medina and Edwards Pvt. Ltd.",Technology,USA,Groq,2023,6070,3,6638,22.8,"AI helped me reduce repetitive tasks, but learning curve was steep. My team adapted faster than others."
"Spence, Duncan and Friedman Pvt. Ltd.",Technology,USA,Groq,2023,12795,23,10839,11.9,Collaboration improved; documentation and meetings are more efficient. Managers were initially skeptical.
Schroeder-Edwards Pvt. Ltd.,Technology,USA,Mixtral,2022,6733,9,9116,32.1,"Job roles have shifted a lot, which is both good and scary. My team adapted faster than others."
Dougherty and Sons Pvt. Ltd.,Technology,USA,ChatGPT,2022,19036,8,1841,22.9,I love using AI—it makes my job easier and more fun. It changed how we communicate internally.
"Nichols, Alvarez and Rodriguez Pvt. Ltd.",Technology,USA,LLaMA,2023,4156,26,21402,30.9,"Collaboration improved; documentation and meetings are more efficient. Overall, it's a big shift."
Norton-Serrano Pvt. Ltd.,Technology,USA,Mixtral,2022,3976,6,2642,13,"We now finish tasks faster, but some older employees are struggling. Some departments feel left behind."
Brown-Barnett Pvt. Ltd.,Technology,USA,LLaMA,2024,9212,12,22012,32.4,There's concern that AI will replace some of us soon. Monthly town halls discuss the AI rollout.
"Marquez, Mann and Peterson Pvt. Ltd.",Technology,USA,ChatGPT,2024,14120,13,7080,13.1,"We now finish tasks faster, but some older employees are struggling. Clients now expect faster results due to AI use."
"Flores, Holmes and Salinas Pvt. Ltd.",Technology,USA,Groq,2024,19398,17,5870,16.6,Collaboration improved; documentation and meetings are more efficient. My team adapted faster than others.
Mccoy-Obrien Pvt. Ltd.,Technology,USA,Mixtral,2022,16906,26,21426,25.1,"Job roles have shifted a lot, which is both good and scary. HR hosted webinars weekly."
"Gardner, Barber and Johnson Pvt. Ltd.",Technology,USA,Groq,2022,10618,6,5434,30.6,I love using AI—it makes my job easier and more fun. HR hosted webinars weekly.
Brandt Inc Pvt. Ltd.,Technology,USA,Mixtral,2024,2101,29,14686,26.5,New roles are exciting; transition was smoother than expected. Job rotations have increased.
"Kline, Beasley and Wallace Pvt. Ltd.",Technology,USA,Mixtral,2022,16282,2,11203,10.1,"Job roles have shifted a lot, which is both good and scary. Internal newsletters now highlight AI use cases."
"King, Taylor and Cunningham Pvt. Ltd.",Technology,USA,Claude,2024,10262,25,4873,28.8,There's concern that AI will replace some of us soon. My team adapted faster than others.
"Berger, Vasquez and Adams Pvt. Ltd.",Technology,USA,Claude,2024,12060,4,23746,19.3,Collaboration improved; documentation and meetings are more efficient. It changed how we communicate internally.
Martin-Rhodes Pvt. Ltd.,Technology,USA,Groq,2024,3985,12,1618,18.7,"Productivity increased, but there's anxiety about job security. Job rotations have increased."
"Tucker, Flynn and Smith Pvt. Ltd.",Technology,USA,Groq,2023,19045,22,1260,30.6,"AI helped me reduce repetitive tasks, but learning curve was steep. It changed how we communicate internally."
"Russell, Rowe and Fisher Pvt. Ltd.",Technology,USA,Groq,2022,16676,4,16156,12,Collaboration improved; documentation and meetings are more efficient. Managers were initially skeptical.
"Baker, Frazier and Mitchell Pvt. Ltd.",Technology,USA,Gemini,2023,19694,15,16963,5.8,Collaboration improved; documentation and meetings are more efficient. Some departments feel left behind.
Sanchez-Carey Pvt. Ltd.,Technology,USA,Claude,2023,3124,7,11151,17.5,"Productivity increased, but there's anxiety about job security. Managers were initially skeptical."
Sharp-Hall Pvt. Ltd.,Technology,USA,Gemini,2024,522,14,4483,32,Collaboration improved; documentation and meetings are more efficient. Monthly town halls discuss the AI rollout.
"Salazar, Weaver and Foster Pvt. Ltd.",Technology,USA,Claude,2024,14784,16,5590,19.5,"AI helped me reduce repetitive tasks, but learning curve was steep. It changed how we communicate internally."
"Smith, Larson and Paul Pvt. Ltd.",Technology,USA,Groq,2023,5118,30,23919,26.1,New roles are exciting; transition was smoother than expected. Monthly town halls discuss the AI rollout.
Gomez-Snyder Pvt. Ltd.,Technology,USA,Claude,2022,4792,25,3580,3.7,"AI helped me reduce repetitive tasks, but learning curve was steep. My team adapted faster than others."
Burns-Sanchez Pvt. Ltd.,Technology,USA,ChatGPT,2024,2245,26,1446,31,"AI helped me reduce repetitive tasks, but learning curve was steep. HR hosted webinars weekly."
Shaw-Webb Pvt. Ltd.,Technology,USA,Mixtral,2022,17765,25,16466,3.4,Our workflows have improved drastically with generative AI. Internal newsletters now highlight AI use cases.
Hopkins-Alvarado Pvt. Ltd.,Technology,USA,Groq,2022,5405,30,1903,34.6,I love using AI—it makes my job easier and more fun. Job rotations have increased.
Macdonald-Cole Pvt. Ltd.,Technology,USA,Gemini,2024,1011,9,23523,9.5,"Productivity increased, but there's anxiety about job security. Internal newsletters now highlight AI use cases."
"Herrera, Fitzgerald and Medina Pvt. Ltd.",Technology,USA,LLaMA,2022,12031,27,19366,22.3,There's concern that AI will replace some of us soon. Clients now expect faster results due to AI use.
"Oliver, Edwards and Stewart Pvt. Ltd.",Technology,USA,Groq,2022,11042,9,4728,19,Our workflows have improved drastically with generative AI. Managers were initially skeptical.
"Smith, Payne and Gilmore Pvt. Ltd.",Technology,USA,ChatGPT,2022,12579,16,7886,31.4,New roles are exciting; transition was smoother than expected. Internal newsletters now highlight AI use cases.
Coffey-Rush Pvt. Ltd.,Technology,USA,Gemini,2023,1772,10,2770,29.7,"We now finish tasks faster, but some older employees are struggling. Clients now expect faster results due to AI use."
Palmer-Thomas Pvt. Ltd.,Technology,USA,Groq,2023,19886,11,7507,13.8,"Mixed responses—management excited, staff feel uncertain. Internal newsletters now highlight AI use cases."
"Johnson, Molina and Aguirre Pvt. Ltd.",Technology,USA,Gemini,2023,17845,23,2770,12.1,"Job roles have shifted a lot, which is both good and scary. Overall, it's a big shift."
"Smith, Winters and Barnes Pvt. Ltd.",Technology,USA,ChatGPT,2024,11669,19,3120,30.4,"Mixed responses—management excited, staff feel uncertain. Clients now expect faster results due to AI use."
"Ward, Rios and Nelson Pvt. Ltd.",Technology,USA,LLaMA,2024,1724,3,1757,29.9,"Job roles have shifted a lot, which is both good and scary. Managers were initially skeptical."
Mcfarland-Flynn Pvt. Ltd.,Technology,USA,Mixtral,2024,4390,30,2169,4.5,"We now finish tasks faster, but some older employees are struggling. Managers were initially skeptical."
Garcia-Gray Pvt. Ltd.,Technology,USA,LLaMA,2022,18831,25,16986,25,Our workflows have improved drastically with generative AI. Managers were initially skeptical.
Brennan-Lewis Pvt. Ltd.,Technology,USA,ChatGPT,2023,8527,26,5986,19.8,Our workflows have improved drastically with generative AI. My team adapted faster than others.
"Young, White and Thompson Pvt. Ltd.",Technology,USA,Claude,2024,2250,26,3581,9.1,"Job roles have shifted a lot, which is both good and scary. Monthly town halls discuss the AI rollout."
Wood-Brooks Pvt. Ltd.,Technology,USA,Gemini,2023,16670,16,19800,3.8,"Mixed responses—management excited, staff feel uncertain. Some departments feel left behind."
"Lawrence, Olson and Ferrell Pvt. Ltd.",Technology,USA,Claude,2023,19924,22,13493,14.4,"AI helped me reduce repetitive tasks, but learning curve was steep. HR hosted webinars weekly."
Moore-Brooks Pvt. Ltd.,Technology,USA,LLaMA,2023,651,5,15437,5.4,"AI helped me reduce repetitive tasks, but learning curve was steep. Clients now expect faster results due to AI use."
"Alvarado, Wilson and Dixon Pvt. Ltd.",Technology,USA,Groq,2022,11657,5,17483,12.4,Collaboration improved; documentation and meetings are more efficient. Managers were initially skeptical.
"Glover, Marquez and Anderson Pvt. Ltd.",Technology,USA,LLaMA,2022,2469,11,17121,34.9,"Productivity increased, but there's anxiety about job security. Some departments feel left behind."
"Thornton, Freeman and Cabrera Pvt. Ltd.",Technology,USA,Groq,2023,15667,1,23792,6.9,"Mixed responses—management excited, staff feel uncertain. Managers were initially skeptical."
"Young, Austin and Taylor Pvt. Ltd.",Technology,USA,LLaMA,2023,14806,24,1572,17.9,"Productivity increased, but there's anxiety about job security. Clients now expect faster results due to AI use."
Pearson-Riley Pvt. Ltd.,Technology,USA,Gemini,2022,15943,13,16929,23.1,"Mixed responses—management excited, staff feel uncertain. Job rotations have increased."
Palmer-Hull Pvt. Ltd.,Technology,USA,Gemini,2024,8866,19,22635,11.2,"Productivity increased, but there's anxiety about job security. HR hosted webinars weekly."
Goodwin-Smith Pvt. Ltd.,Technology,USA,LLaMA,2022,1249,27,6961,17.9,"Productivity increased, but there's anxiety about job security. Managers were initially skeptical."
Peterson-Chambers Pvt. Ltd.,Technology,USA,Gemini,2022,13560,25,24953,31.2,Collaboration improved; documentation and meetings are more efficient. My team adapted faster than others.
"Rocha, Dougherty and Wyatt Pvt. Ltd.",Technology,USA,Claude,2023,9457,7,22406,16.7,"Mixed responses—management excited, staff feel uncertain. Clients now expect faster results due to AI use."
"Goodwin, Estes and Hill Pvt. Ltd.",Technology,USA,LLaMA,2022,9025,26,16233,26.4,"Job roles have shifted a lot, which is both good and scary. Overall, it's a big shift."
Hamilton-Young Pvt. Ltd.,Technology,USA,LLaMA,2024,9294,18,3346,18.2,There's concern that AI will replace some of us soon. Some departments feel left behind.
Gallagher-Woods Pvt. Ltd.,Technology,USA,Gemini,2024,16521,6,10527,4.3,I love using AI—it makes my job easier and more fun. Job rotations have increased.
"Pruitt, Beck and Luna Pvt. Ltd.",Technology,USA,Groq,2022,3025,1,17867,18.3,I love using AI—it makes my job easier and more fun. Monthly town halls discuss the AI rollout.
Johnston-Woods Pvt. Ltd.,Technology,USA,Gemini,2022,3112,30,17443,19.8,"Mixed responses—management excited, staff feel uncertain. Clients now expect faster results due to AI use."
"Buchanan, Roberts and Little Pvt. Ltd.",Technology,USA,LLaMA,2023,16752,4,15537,25.3,Collaboration improved; documentation and meetings are more efficient. Monthly town halls discuss the AI rollout.
"Norman, Thompson and Miller Pvt. Ltd.",Technology,USA,Claude,2022,2581,13,6321,33.8,"Productivity increased, but there's anxiety about job security. Managers were initially skeptical."
Hughes-Escobar Pvt. Ltd.,Technology,USA,Gemini,2024,9638,15,4343,8.9,New roles are exciting; transition was smoother than expected. Some departments feel left behind.
Manning-Galloway Pvt. Ltd.,Technology,USA,Gemini,2022,8830,13,8457,3,New roles are exciting; transition was smoother than expected. HR hosted webinars weekly.
Martin-Gonzales Pvt. Ltd.,Technology,USA,Mixtral,2023,18795,10,3202,30.4,"AI helped me reduce repetitive tasks, but learning curve was steep. Job rotations have increased."
Flynn-Allen Pvt. Ltd.,Technology,USA,Gemini,2022,18749,10,17100,33.6,Collaboration improved; documentation and meetings are more efficient. Some departments feel left behind.
"Lane, Pollard and Hernandez Pvt. Ltd.",Technology,USA,LLaMA,2023,5527,29,23763,14.6,Our workflows have improved drastically with generative AI. My team adapted faster than others.
"Hancock, Stewart and Mooney Pvt. Ltd.",Technology,USA,Claude,2024,2688,8,2783,32.7,"AI helped me reduce repetitive tasks, but learning curve was steep. My team adapted faster than others."
"Miller, Miller and Smith Pvt. Ltd.",Technology,USA,Groq,2022,1923,19,24808,30.5,"Job roles have shifted a lot, which is both good and scary. Clients now expect faster results due to AI use."
Thomas-Koch Pvt. Ltd.,Technology,USA,ChatGPT,2022,19431,6,12977,3.6,"Mixed responses—management excited, staff feel uncertain. Overall, it's a big shift."
Taylor-Faulkner Pvt. Ltd.,Technology,USA,Claude,2023,10710,22,8718,29.6,Our workflows have improved drastically with generative AI. Some departments feel left behind.
Harding Ltd Pvt. Ltd.,Technology,USA,Gemini,2022,3912,20,5957,27.5,There's concern that AI will replace some of us soon. My team adapted faster than others.
Matthews-Ross Pvt. Ltd.,Technology,USA,Mixtral,2024,8565,14,23469,3.7,"Collaboration improved; documentation and meetings are more efficient. Overall, it's a big shift."
Barker-Jones Pvt. Ltd.,Technology,USA,LLaMA,2022,6649,29,18790,4.9,Collaboration improved; documentation and meetings are more efficient. It changed how we communicate internally.
Blair-Anderson Pvt. Ltd.,Technology,USA,Groq,2022,16205,16,4499,29.9,"AI helped me reduce repetitive tasks, but learning curve was steep. HR hosted webinars weekly."
"Todd, Huff and Young Pvt. Ltd.",Technology,USA,Mixtral,2022,6803,24,22910,32.6,There's concern that AI will replace some of us soon. Clients now expect faster results due to AI use.
"Garcia, Anderson and Griffin Pvt. Ltd.",Technology,USA,LLaMA,2024,11504,18,10638,33.2,Our workflows have improved drastically with generative AI. HR hosted webinars weekly.
"Khan, Walker and Powers Pvt. Ltd.",Technology,USA,LLaMA,2023,17506,11,4095,29.4,"Job roles have shifted a lot, which is both good and scary. Some departments feel left behind."
Smith-Burns Pvt. Ltd.,Technology,USA,Groq,2024,5201,20,4389,19.6,"We now finish tasks faster, but some older employees are struggling. Overall, it's a big shift."
Ball-Dixon Pvt. Ltd.,Technology,USA,Claude,2023,12070,25,24772,33,Collaboration improved; documentation and meetings are more efficient. It changed how we communicate internally.
Freeman-Turner Pvt. Ltd.,Technology,USA,ChatGPT,2023,1866,28,4865,14.5,Our workflows have improved drastically with generative AI. Some departments feel left behind.
"Clark, Jackson and Fisher Pvt. Ltd.",Technology,USA,LLaMA,2023,2319,26,12001,16.2,Our workflows have improved drastically with generative AI. Clients now expect faster results due to AI use.
Pineda-Martinez Pvt. Ltd.,Technology,USA,Groq,2023,17648,7,17701,19.9,New roles are exciting; transition was smoother than expected. Job rotations have increased.
Tanner-Vargas Pvt. Ltd.,Technology,USA,ChatGPT,2022,1967,25,24231,14.2,New roles are exciting; transition was smoother than expected. Clients now expect faster results due to AI use.
"Martinez, Thompson and Smith Pvt. Ltd.",Technology,USA,Mixtral,2023,16249,18,13038,24.2,I love using AI—it makes my job easier and more fun. Some departments feel left behind.
"Kirby, Burke and Fernandez Pvt. Ltd.",Technology,USA,Claude,2022,5534,22,24772,21.9,"We now finish tasks faster, but some older employees are struggling. Job rotations have increased."
"Alvarez, Riggs and Dean Pvt. Ltd.",Technology,USA,Claude,2024,16691,26,17464,7.3,New roles are exciting; transition was smoother than expected. Clients now expect faster results due to AI use.
"Thomas, Castaneda and Reyes Pvt. Ltd.",Technology,USA,Mixtral,2024,12742,15,1978,7.3,New roles are exciting; transition was smoother than expected. Managers were initially skeptical.
"Long, King and Hernandez Pvt. Ltd.",Technology,USA,ChatGPT,2024,11325,14,2458,19.5,"Job roles have shifted a lot, which is both good and scary. Overall, it's a big shift."
Ward-Eaton Pvt. Ltd.,Technology,USA,Gemini,2023,7258,15,20489,21.1,"AI helped me reduce repetitive tasks, but learning curve was steep. It changed how we communicate internally."
"Smith, Cameron and Baker Pvt. Ltd.",Technology,USA,Gemini,2023,8347,10,1770,19.4,There's concern that AI will replace some of us soon. Some departments feel left behind.
"Sims, Hoover and Cobb Pvt. Ltd.",Technology,USA,Gemini,2024,18914,7,517,19,"AI helped me reduce repetitive tasks, but learning curve was steep. Monthly town halls discuss the AI rollout."
Welch-Hayes Pvt. Ltd.,Technology,USA,Mixtral,2022,13154,3,21693,2.1,"We now finish tasks faster, but some older employees are struggling. Some departments feel left behind."
Robertson-Gibson Pvt. Ltd.,Technology,USA,ChatGPT,2024,9692,7,8086,25.3,"Productivity increased, but there's anxiety about job security. Internal newsletters now highlight AI use cases."
Edwards-Young Pvt. Ltd.,Technology,USA,Mixtral,2023,1441,8,11791,16.7,"We now finish tasks faster, but some older employees are struggling. Internal newsletters now highlight AI use cases."
"Hunter, Curry and Thompson Pvt. Ltd.",Technology,USA,LLaMA,2024,9796,10,17463,32,"Job roles have shifted a lot, which is both good and scary. Overall, it's a big shift."
"Barnes, Hunter and Wilcox Pvt. Ltd.",Technology,USA,ChatGPT,2024,1649,12,1088,22.7,"Collaboration improved; documentation and meetings are more efficient. Overall, it's a big shift."
"Carter, Good and Smith Pvt. Ltd.",Technology,USA,ChatGPT,2024,3052,20,8599,28.6,"Job roles have shifted a lot, which is both good and scary. Job rotations have increased."
"Murray, Flynn and Smith Pvt. Ltd.",Technology,USA,Gemini,2024,3420,1,24973,19.2,Our workflows have improved drastically with generative AI. Internal newsletters now highlight AI use cases.
Thompson-Fernandez Pvt. Ltd.,Technology,USA,Groq,2022,14693,5,23218,6.8,Our workflows have improved drastically with generative AI. Monthly town halls discuss the AI rollout.
"Espinoza, Lambert and Martinez Pvt. Ltd.",Technology,USA,ChatGPT,2023,5383,20,22289,20.9,"We now finish tasks faster, but some older employees are struggling. Clients now expect faster results due to AI use."
"Evans, Quinn and Ho Pvt. Ltd.",Technology,USA,LLaMA,2024,7104,19,18562,10.2,Collaboration improved; documentation and meetings are more efficient. Some departments feel left behind.
"Parker, Aguilar and Smith Pvt. Ltd.",Technology,USA,Mixtral,2024,17360,9,8580,7.9,There's concern that AI will replace some of us soon. Internal newsletters now highlight AI use cases.
Santana Inc Pvt. Ltd.,Technology,USA,Mixtral,2022,440,7,13301,12.2,"Productivity increased, but there's anxiety about job security. HR hosted webinars weekly."
"Martinez, Morton and Braun Pvt. Ltd.",Technology,USA,Groq,2022,10672,22,5795,2.2,"We now finish tasks faster, but some older employees are struggling. Some departments feel left behind."
"Goodwin, Fernandez and Clark Pvt. Ltd.",Technology,USA,LLaMA,2023,1831,22,10168,26.7,I love using AI—it makes my job easier and more fun. HR hosted webinars weekly.
"Shaw, Webster and Taylor Pvt. Ltd.",Technology,USA,ChatGPT,2023,8518,4,9029,17.9,"Mixed responses—management excited, staff feel uncertain. HR hosted webinars weekly."
Levine-Brown Pvt. Ltd.,Technology,USA,Claude,2022,3649,15,10547,23,Collaboration improved; documentation and meetings are more efficient. Managers were initially skeptical.
Jennings-Rodriguez Pvt. Ltd.,Technology,USA,Gemini,2023,15895,17,18462,17.4,"Job roles have shifted a lot, which is both good and scary. Job rotations have increased."
"Lawrence, Moore and Lopez Pvt. Ltd.",Technology,USA,Claude,2022,2133,28,2217,12.4,"AI helped me reduce repetitive tasks, but learning curve was steep. Some departments feel left behind."
Bailey-Liu Pvt. Ltd.,Technology,USA,Groq,2023,14399,22,6076,7.9,"AI helped me reduce repetitive tasks, but learning curve was steep. Monthly town halls discuss the AI rollout."
"Chapman, Lopez and Church Pvt. Ltd.",Technology,USA,Groq,2023,15813,8,12148,23.7,"AI helped me reduce repetitive tasks, but learning curve was steep. My team adapted faster than others."
Thomas-Morgan Pvt. Ltd.,Technology,USA,Mixtral,2023,19689,28,16195,26.1,"AI helped me reduce repetitive tasks, but learning curve was steep. Job rotations have increased."
Michael-Hansen Pvt. Ltd.,Technology,USA,ChatGPT,2022,13089,20,24389,27.5,Our workflows have improved drastically with generative AI. Clients now expect faster results due to AI use.
"Todd, Richardson and Watson Pvt. Ltd.",Technology,USA,ChatGPT,2022,4752,13,11696,34.6,I love using AI—it makes my job easier and more fun. Internal newsletters now highlight AI use cases.
Bishop-Peterson Pvt. Ltd.,Technology,USA,Groq,2022,1710,1,4925,3,"AI helped me reduce repetitive tasks, but learning curve was steep. Monthly town halls discuss the AI rollout."
"Hines, Wang and Watson Pvt. Ltd.",Technology,USA,Mixtral,2022,2703,4,20921,24.7,There's concern that AI will replace some of us soon. It changed how we communicate internally.
"Cooper, Evans and Jones Pvt. Ltd.",Technology,USA,Groq,2022,11391,8,16738,16.3,Our workflows have improved drastically with generative AI. Clients now expect faster results due to AI use.
Pratt-Foster Pvt. Ltd.,Technology,USA,Mixtral,2024,16927,4,9856,21,"Mixed responses—management excited, staff feel uncertain. HR hosted webinars weekly."
Adams-Foster Pvt. Ltd.,Technology,USA,Claude,2022,6072,7,17109,5.1,"Job roles have shifted a lot, which is both good and scary. My team adapted faster than others."
"Willis, Bates and Sullivan Pvt. Ltd.",Technology,USA,Claude,2022,13580,16,4179,12.7,"Job roles have shifted a lot, which is both good and scary. My team adapted faster than others."
"Ewing, Smith and Oliver Pvt. Ltd.",Technology,USA,Gemini,2022,5961,13,3608,10.6,"We now finish tasks faster, but some older employees are struggling. My team adapted faster than others."
"Torres, Davis and Walsh Pvt. Ltd.",Technology,USA,Groq,2023,11769,5,4270,27.7,New roles are exciting; transition was smoother than expected. Internal newsletters now highlight AI use cases.
"Vang, Brown and Hoffman Pvt. Ltd.",Technology,USA,Claude,2023,5303,13,4573,4.9,"Mixed responses—management excited, staff feel uncertain. It changed how we communicate internally."
"Cunningham, Weaver and Foster Pvt. Ltd.",Technology,USA,Claude,2022,18421,8,6559,33.6,"Mixed responses—management excited, staff feel uncertain. Monthly town halls discuss the AI rollout."
Davis-Shaw Pvt. Ltd.,Technology,USA,ChatGPT,2022,8495,24,19901,34.5,Our workflows have improved drastically with generative AI. My team adapted faster than others.
"Moore, Welch and Steele Pvt. Ltd.",Technology,USA,LLaMA,2024,17247,4,13205,24,Collaboration improved; documentation and meetings are more efficient. My team adapted faster than others.
"Barnes, Reid and Williams Pvt. Ltd.",Technology,USA,Claude,2023,3913,21,5676,9.5,"Productivity increased, but there's anxiety about job security. Managers were initially skeptical."
"Wilson, Hernandez and Moore Pvt. Ltd.",Technology,USA,LLaMA,2024,4778,22,13792,26.7,There's concern that AI will replace some of us soon. My team adapted faster than others.
Obrien-Bautista Pvt. Ltd.,Technology,USA,LLaMA,2023,19752,8,9174,33.5,There's concern that AI will replace some of us soon. My team adapted faster than others.
Jackson-Mosley Pvt. Ltd.,Technology,USA,Claude,2022,14338,10,14704,8.5,Our workflows have improved drastically with generative AI. It changed how we communicate internally.
Short-Garcia Pvt. Ltd.,Technology,USA,ChatGPT,2023,1184,17,5022,3.7,"AI helped me reduce repetitive tasks, but learning curve was steep. Internal newsletters now highlight AI use cases."
Adams-Dixon Pvt. Ltd.,Technology,USA,Claude,2023,11614,8,5643,7.3,Collaboration improved; documentation and meetings are more efficient. Internal newsletters now highlight AI use cases.
Edwards-Mccarthy Pvt. Ltd.,Technology,USA,LLaMA,2022,14046,7,5764,32.1,"Collaboration improved; documentation and meetings are more efficient. Overall, it's a big shift."
"Nelson, Bush and Wood Pvt. Ltd.",Technology,USA,ChatGPT,2023,11063,6,10973,11,Collaboration improved; documentation and meetings are more efficient. HR hosted webinars weekly.
"Bennett, Ray and Russell Pvt. Ltd.",Technology,USA,LLaMA,2024,2226,25,21300,29.1,"AI helped me reduce repetitive tasks, but learning curve was steep. HR hosted webinars weekly."
"Phillips, Hawkins and Edwards Pvt. Ltd.",Technology,USA,ChatGPT,2022,17826,5,6389,10.8,I love using AI—it makes my job easier and more fun. It changed how we communicate internally.
"Thompson, Houston and Lopez Pvt. Ltd.",Technology,USA,Claude,2024,7818,27,23324,7,"Job roles have shifted a lot, which is both good and scary. Clients now expect faster results due to AI use."
"Bauer, Clark and Snyder Pvt. Ltd.",Technology,USA,Groq,2022,16743,17,22150,32.1,"Mixed responses—management excited, staff feel uncertain. HR hosted webinars weekly."
"Cisneros, Archer and Hall Pvt. Ltd.",Technology,USA,ChatGPT,2022,14163,9,11448,29.7,"Job roles have shifted a lot, which is both good and scary. Some departments feel left behind."